01	a3440cf5bd361946cba76ec90801225a66622e31e32c6915e70c86b101474236	docs/ui-ux/reference-set-2026-06-18/images/ui-ux-reference-01.png
02	70b7c2153935ae2fe00a1f7ad10ffcea0f910967f6a1021df80622e20c2cc4a0	docs/ui-ux/reference-set-2026-06-18/images/ui-ux-reference-02.png
03	de0ad273b1b4a9795300675c5e7129649dad304ac28cb244068f023d457efaca	docs/ui-ux/reference-set-2026-06-18/images/ui-ux-reference-03.png
04	ecfb2c4f9f718ee29e8d9fbe0c522de6b13c6067c7f24acd188b2f371aba5faa	docs/ui-ux/reference-set-2026-06-18/images/ui-ux-reference-04.png
05	fdb06ecddd26c65d2fde2f50a902a856486828951beafa08d8ed966bac817cce	docs/ui-ux/reference-set-2026-06-18/images/ui-ux-reference-05.png
06	fa9f4be55ef3652e14cb6c01fc4d7a800bab6ed84af7a0dc9ae9db52b2008e55	docs/ui-ux/reference-set-2026-06-18/images/ui-ux-reference-06.png
07	1a523dbd2cdea540d74a2cadff00c8c619e23d144b583faf5d1b33ab7452c98c	docs/ui-ux/reference-set-2026-06-18/images/ui-ux-reference-07.png
08	9e2019f624491e66b574e5e29670899fbc2924e03d6c81fde5138fe952239607	docs/ui-ux/reference-set-2026-06-18/images/ui-ux-reference-08.png
09	281e4664b3fd0799ee90c8a0d3a812d9250900f337217dddd67f3590efce66ba	docs/ui-ux/reference-set-2026-06-18/images/ui-ux-reference-09.png
10	348808c87126e865aa685f9c09f94bc9ee5e298919e4d9f9d939f6c7b63d5253	docs/ui-ux/reference-set-2026-06-18/images/ui-ux-reference-10.png
11	82f3e4a5cbdd97baab9791ec81c901f6f98efb8b6547196435d30dc13abfb1b4	docs/ui-ux/reference-set-2026-06-18/images/ui-ux-reference-11.png
12	dcc334c72931f88b1c8640ae22d7ff3a307ffbd8566af59bec2878b3f22a8919	docs/ui-ux/reference-set-2026-06-18/images/ui-ux-reference-12.png
13	5559c6cff336ce320485edbc1c8c1a5ed813833916996925a1acef239c8da042	docs/ui-ux/reference-set-2026-06-18/images/ui-ux-reference-13.png
14	990a79be92da830f6bf037e83d4c7cb55fae4b2a0e4874a62607fe8566ec23f5	docs/ui-ux/reference-set-2026-06-18/images/ui-ux-reference-14.png
15	05e82645df3321bd8f98a1dab3c199ccb90227f13ff2fd8d88ae7bcf92ba0e61	docs/ui-ux/reference-set-2026-06-18/images/ui-ux-reference-15.png
16	9c13f81d8010bc9417e6f0b87e76b706444b677b07a8d913f41ad9df5b159e57	docs/ui-ux/reference-set-2026-06-18/images/ui-ux-reference-16.png
17	786f88f79812541540b6cc9cadc88c58dbc2e1b5d2d79d3f56e2b62b369171a0	docs/ui-ux/reference-set-2026-06-18/images/ui-ux-reference-17.png
18	ad0ec8260b4a7d2535f683858096c60ee8696a92a5a02e4fc4ce6bb075098f47	docs/ui-ux/reference-set-2026-06-18/images/ui-ux-reference-18.png
19	ad07760ff832e6fe439340335a7722210d0bf86894e76bc79545393af467b26d	docs/ui-ux/reference-set-2026-06-18/images/ui-ux-reference-19.png
20	be80802ad134d7c3f9a829d395ff5ffdbef1b58f641c6c613e710fe310276a70	docs/ui-ux/reference-set-2026-06-18/images/ui-ux-reference-20.png
21	d2f90c1d90cf04899112436ca9cd247c711ac95bfbe65938afd19bfc39d72a4d	docs/ui-ux/reference-set-2026-06-18/images/ui-ux-reference-21.png
22	fcbbb4589c544fcff551c1c8bd5b05d6d36fad13fa739e97b443fd50d12e4776	docs/ui-ux/reference-set-2026-06-18/images/ui-ux-reference-22.png
23	83b7dff57f5956741d640546078b25d71618e24d4e2d2ccf6f5144c961bf24e1	docs/ui-ux/reference-set-2026-06-18/images/ui-ux-reference-23.png
24	cd735d628d7ccfc61a77ae7364fcd20114632f2720a699c44018991e7a6c2f9c	docs/ui-ux/reference-set-2026-06-18/images/ui-ux-reference-24.png
25	7035b80a751c395a82e1affb11d9e85a34efa633480682bf1560f0146db0c40f	docs/ui-ux/reference-set-2026-06-18/images/ui-ux-reference-25.png
26	b6658b265648f1b10f860dc314c7cd03a3d60ce02bfa6ad8f36e73e639c99b68	docs/ui-ux/reference-set-2026-06-18/images/ui-ux-reference-26.png
27	eae59760a810a166802661afab45a433c02494ad7d8c07c28bdf4233bb79ffe4	docs/ui-ux/reference-set-2026-06-18/images/ui-ux-reference-27.png
28	eafc8ad00b78fbd8e9f8426e2d89f38867e1eda0958bbe60dc1ed7ce89dde079	docs/ui-ux/reference-set-2026-06-18/images/ui-ux-reference-28.png
29	6aeb872d1e072d0a05d452f6d575e5738b52192b586d8c0b23fe58c198c7b8c4	docs/ui-ux/reference-set-2026-06-18/images/ui-ux-reference-29.png
30	c129003a759388ebe1fd8d85776dd35b6023a1d275bad0a9d019f6d67ea519a3	docs/ui-ux/reference-set-2026-06-18/images/ui-ux-reference-30.png
31	684b6d306899c809f2614a1a16948e517b1bf5b6a37d91c98d7e6ca474fce412	docs/ui-ux/reference-set-2026-06-18/images/ui-ux-reference-31.png
32	1900ca19d6b26bc5e6a01a9a7b2799e68d8ef04ffee61ca7f3dee78d7a4a4af4	docs/ui-ux/reference-set-2026-06-18/images/ui-ux-reference-32.png
33	ca4e401c75b119d479e716fbd84165cf86c74fbf7d5840f786b6d8f0c0b29f68	docs/ui-ux/reference-set-2026-06-18/images/ui-ux-reference-33.png
34	019ac317c5d0d5ff41a05d55943ee038e48752b318e8bc1dc7f4ed0f553eca63	docs/ui-ux/reference-set-2026-06-18/images/ui-ux-reference-34.png
35	42a378040ed545815410a73bc166b5ec7c965e378f0b3914614e827af25b6edd	docs/ui-ux/reference-set-2026-06-18/images/ui-ux-reference-35.png
36	574c59dc6c892f1ef3f42ab75f46d5742a8bbbd481037858842e6aa12ff19dc9	docs/ui-ux/reference-set-2026-06-18/images/ui-ux-reference-36.png
37	50ed3b908171735e140e3324a0538b4201590fad31c2970ac091b0bf8ee8a04d	docs/ui-ux/reference-set-2026-06-18/images/ui-ux-reference-37.png
38	680dd3ff72464f529a07bbd452a3d8a8d0f28b92bc651a0557e601d6aa698fe5	docs/ui-ux/reference-set-2026-06-18/images/ui-ux-reference-38.png
39	fdce34271aaf8e4cdaf18bd78a11725792522c77a36c5e731b47ef328556f929	docs/ui-ux/reference-set-2026-06-18/images/ui-ux-reference-39.png
40	d8e7888d3012db108a50b49a5b78a91fbae23ea8a16907614ba63d55e79af7ce	docs/ui-ux/reference-set-2026-06-18/images/ui-ux-reference-40.png
41	4cb1d3def437b6914bbb7b94bbe409c23bd7cb33f61504916db6fe3492d9d1e3	docs/ui-ux/reference-set-2026-06-18/images/ui-ux-reference-41.png
42	ca2e677870839411bd95832e5316959c17b25d29b1b6d67b959e264c2b2b471b	docs/ui-ux/reference-set-2026-06-18/images/ui-ux-reference-42.png
43	e6537062bba89b59ebc61a5f87b8e13fb56e02a1d3ee24996d1bf5a2885be3c0	docs/ui-ux/reference-set-2026-06-18/images/ui-ux-reference-43.png
44	b6895ee7d321d6554704d399623c7414c56cf482b89d0a491bd4e54cd63de057	docs/ui-ux/reference-set-2026-06-18/images/ui-ux-reference-44.png
45	550195af12a26025cd1375a355be7e4e81ae72aa4a015e6fd16b600a2f414f18	docs/ui-ux/reference-set-2026-06-18/images/ui-ux-reference-45.png
